term,Df,SumOfSqs,F,Pr(>F)
Model,1,1.1744897439667452,5.852956450676814,0.001
Residual,700,140.46624602540004,NA,NA
