term,Df,SumOfSqs,F,Pr(>F)
Model,1,0.4383977501687177,2.193975225202303,0.001
Residual,267,53.3516504427503,NA,NA
