term,Df,SumOfSqs,F,Pr(>F)
Model,1,0.6115394270068646,3.2260941626781294,0.001
Residual,104,19.714272802228606,NA,NA
