term,Df,SumOfSqs,F,Pr(>F)
Model,1,1.1123700572379152,3.622555761654063,0.001
Residual,126,38.690536856768965,NA,NA
