term,Df,SumOfSqs,F,Pr(>F)
Model,1,0.7515754295872072,3.401991858430017,0.001
Residual,97,21.429450658239663,NA,NA
