term,Df,SumOfSqs,F,Pr(>F)
Model,1,0.8801008071420892,2.9636199715184057,0.001
Residual,172,51.078525682522454,NA,NA
