term,Df,SumOfSqs,F,Pr(>F)
Model,1,0.5258230459729251,2.501011977184853,0.001
Residual,110,23.1268524839802,NA,NA
