term,Df,SumOfSqs,F,Pr(>F)
Model,1,1.7798736795925933,7.977289671598827,0.001
Residual,742,165.5532548804904,NA,NA
