term,Df,SumOfSqs,F,Pr(>F)
Model,1,0.5591151599893961,3.1125092506585488,0.001
Residual,428,76.88371959852967,NA,NA
